order_id,order_date,customer_id,product_id,quantity,price,region
1001,2025-11-03,C044,P014,1,84.64,West
1002,2025-11-03,C012,P002,2,27.13,West
1003,2025-11-03,C039,P012,5,92.55,East
1004,2025-11-03,C026,P006,3,59.82,West
1005,2025-11-03,C013,P004,3,36.93,North
1006,2025-11-03,C008,P013,1,48.78,West
1007,2025-11-03,C028,P004,3,38.1,West
1008,2025-11-03,C030,P014,1,75.26,South
1009,2025-11-03,C009,P016,1,81.67,North
1010,2025-11-03,C039,P004,2,84.96,West
1011,2025-11-03,C031,P001,3,98.72,West
1012,2025-11-03,C021,P013,1,81.22,West
1013,2025-11-03,C047,P004,2,64.12,East
1014,2025-11-03,C034,P020,4,40.53,West
1015,2025-11-03,C031,P018,2,59.01,South
1016,2025-11-03,C025,P006,2,13.7,North
1017,2025-11-03,C012,P003,1,77.03,North
1018,2025-11-03,C001,P013,5,50.14,West
1019,2025-11-03,C022,P016,5,11.8,West
1020,2025-11-03,C040,P005,5,15.63,West
1021,2025-11-03,C037,P004,2,44.87,North
1022,2025-11-03,C047,P008,1,62.51,North
1023,2025-11-03,C001,P019,3,51.78,East
1024,2025-11-03,C001,P014,2,65.73,South
1025,2025-11-03,C042,P007,2,53.23,East
1026,2025-11-03,C042,P014,1,69.55,South
1027,2025-11-03,C021,P006,4,29.72,East
1028,2025-11-03,C015,P012,2,20.16,North
1029,2025-11-03,C017,P016,4,63.68,East
1030,2025-11-03,C022,P017,4,53.62,South
1031,2025-11-03,C038,P013,5,12.42,West
1032,2025-11-03,C035,P014,1,44.24,South
1033,2025-11-03,C045,P007,4,19.55,West
1034,2025-11-03,C016,P014,1,57.82,North
1035,2025-11-03,C008,P015,5,45.62,South
1036,2025-11-03,C047,P012,1,65.18,East
1037,2025-11-03,C017,P017,2,82.5,South
1038,2025-11-03,C017,P009,4,36.97,West
1039,2025-11-03,C026,P015,1,96.59,North
1040,2025-11-03,C013,P012,3,58.21,East
1041,2025-11-03,C017,P002,1,65.65,South
1042,2025-11-03,C038,P005,4,71.26,West
1043,2025-11-03,C017,P013,5,70.01,East
1044,2025-11-03,C048,P020,5,55.99,North
1045,2025-11-03,C014,P008,4,48.59,East
1046,2025-11-03,C045,P014,2,14.84,North
1047,2025-11-03,C006,P015,2,11.99,East
1048,2025-11-03,C035,P011,5,42.22,South
1049,2025-11-03,C046,P001,5,40.03,West
1050,2025-11-03,C014,P003,4,44.89,South
1051,2025-11-03,C047,P017,2,22.45,South
1052,2025-11-03,C008,P019,5,76.44,North
1053,2025-11-03,C015,P014,2,87.13,North
1054,2025-11-03,C027,P008,5,94.48,North
1055,2025-11-03,C013,P013,1,54.31,South
1056,2025-11-03,C049,P020,3,73.08,East
1057,2025-11-03,C031,P003,1,87.0,East
1058,2025-11-03,C035,P005,5,47.65,South
1059,2025-11-03,C006,P009,3,37.85,South
1060,2025-11-03,C005,P006,3,94.31,West
1061,2025-11-03,C022,P002,5,56.41,North
1062,2025-11-03,C049,P013,5,54.75,North
1063,2025-11-03,C023,P005,2,26.06,South
1064,2025-11-03,C025,P008,5,19.73,South
1065,2025-11-03,C034,P001,4,85.79,East
1066,2025-11-03,C026,P020,5,65.27,South
1067,2025-11-03,C047,P012,4,39.32,East
1068,2025-11-03,C005,P011,5,27.26,South
1069,2025-11-03,C026,P007,2,59.99,West
1070,2025-11-03,C020,P015,4,62.55,West
1071,2025-11-03,C006,P011,1,28.63,East
1072,2025-11-03,C006,P016,4,86.63,North
1073,2025-11-03,C050,P003,2,17.58,West
1074,2025-11-03,C018,P020,4,42.05,East
1075,2025-11-03,C004,P014,5,71.23,South
1076,2025-11-03,C017,P003,5,34.67,South
1077,2025-11-03,C014,P001,2,84.49,East
1078,2025-11-03,C014,P015,3,76.59,North
1079,2025-11-03,C013,P001,5,81.01,East
1080,2025-11-03,C007,P017,1,20.72,East
1081,2025-11-03,C044,P002,2,22.65,West
1082,2025-11-03,C015,P020,4,35.78,East
1083,2025-11-03,C019,P006,4,56.63,East
1084,2025-11-03,C043,P008,1,77.32,South
1085,2025-11-03,C047,P016,5,85.29,West
1086,2025-11-03,C044,P019,2,73.39,South
1087,2025-11-03,C035,P001,1,93.57,South
1088,2025-11-03,C017,P003,5,76.49,North
1089,2025-11-03,C035,P003,2,37.56,North
1090,2025-11-03,C019,P005,4,33.86,West
1091,2025-11-03,C020,P012,2,72.66,West
1092,2025-11-03,C036,P012,3,27.36,North
1093,2025-11-03,C035,P020,2,18.34,North
1094,2025-11-03,C032,P013,3,57.9,North
1095,2025-11-03,C048,P020,2,83.95,North
1096,2025-11-03,C044,P009,3,19.12,North
1097,2025-11-03,C040,P007,4,81.27,South
1098,2025-11-03,C024,P004,5,83.04,West
1099,2025-11-03,C017,P019,3,53.4,South
1100,2025-11-03,C007,P019,3,15.16,South
1101,2025-11-03,C043,P006,4,25.71,East
1102,2025-11-03,C050,P013,3,73.67,South
1103,2025-11-03,C001,P011,1,74.06,North
1104,2025-11-03,C035,P013,4,90.85,North
1105,2025-11-03,C032,P013,1,62.44,East
1106,2025-11-03,C036,P020,4,21.17,East
1107,2025-11-03,C013,P015,3,20.93,East
1108,2025-11-03,C006,P013,1,74.9,East
1109,2025-11-03,C014,P011,3,26.54,East
1110,2025-11-03,C037,P019,4,39.55,South
1111,2025-11-03,C048,P008,3,53.85,East
1112,2025-11-03,C015,P020,1,12.23,South
1113,2025-11-03,C047,P008,1,32.39,West
1114,2025-11-03,C004,P010,3,46.71,East
1115,2025-11-03,C040,P016,2,35.17,East
1116,2025-11-03,C016,P019,4,22.27,South
1117,2025-11-03,C028,P011,4,75.52,West
1118,2025-11-03,C016,P013,3,83.18,South
1119,2025-11-03,C004,P009,2,33.17,South
1120,2025-11-03,C045,P020,1,79.7,East
1121,2025-11-03,C026,P019,5,44.7,North
1122,2025-11-03,C028,P016,5,55.6,North
1123,2025-11-03,C032,P007,3,87.04,South
1124,2025-11-03,C045,P019,2,77.5,East
1125,2025-11-03,C002,P012,2,82.46,West
1126,2025-11-03,C031,P015,4,22.32,North
1127,2025-11-03,C003,P014,1,16.27,West
1128,2025-11-03,C008,P011,2,90.41,North
1129,2025-11-03,C024,P010,5,44.91,East
1130,2025-11-03,C015,P011,1,35.91,South
1131,2025-11-03,C043,P006,1,75.22,West
1132,2025-11-03,C031,P002,3,85.28,West
1133,2025-11-03,C009,P011,2,87.62,South
1134,2025-11-03,C039,P019,3,38.44,West
1135,2025-11-03,C045,P006,2,86.7,North
1136,2025-11-03,C002,P014,4,13.68,South
1137,2025-11-03,C008,P020,3,14.47,North
1138,2025-11-03,C007,P006,3,66.12,North
1139,2025-11-03,C044,P017,5,15.68,East
1140,2025-11-03,C039,P010,3,39.21,North
1141,2025-11-03,C042,P001,2,70.55,East
1142,2025-11-03,C016,P003,5,40.35,West
1143,2025-11-03,C035,P008,3,26.16,West
1144,2025-11-03,C030,P008,3,35.32,East
1145,2025-11-03,C010,P020,4,51.18,North
1146,2025-11-03,C038,P015,3,52.78,South
1147,2025-11-03,C018,P007,1,80.47,South
1148,2025-11-03,C050,P011,5,77.51,East
1149,2025-11-03,C005,P007,1,51.11,West
1150,2025-11-03,C029,P004,5,86.11,West
1151,2025-11-03,C039,P012,4,20.28,South
1152,2025-11-03,C034,P006,3,32.98,East
1153,2025-11-03,C043,P014,3,84.52,South
1154,2025-11-03,C045,P012,3,44.02,North
1155,2025-11-03,C023,P011,5,98.31,North
1156,2025-11-03,C005,P019,3,51.96,East
1157,2025-11-03,C030,P005,1,81.27,East
1158,2025-11-03,C006,P014,3,46.21,North
1159,2025-11-03,C046,P016,4,48.25,West
1160,2025-11-03,C044,P013,1,44.46,East
1161,2025-11-03,C004,P020,3,74.72,North
1162,2025-11-03,C029,P004,3,59.28,North
1163,2025-11-03,C023,P011,2,94.94,West
1164,2025-11-03,C006,P017,5,32.58,West
1165,2025-11-03,C032,P007,1,19.05,West
1166,2025-11-03,C042,P014,2,45.39,West
1167,2025-11-03,C018,P011,4,65.5,South
1168,2025-11-03,C015,P009,5,87.47,West
1169,2025-11-03,C040,P013,1,41.16,South
1170,2025-11-03,C032,P018,3,68.84,East
1171,2025-11-03,C009,P011,1,41.52,North
1172,2025-11-03,C037,P015,3,65.55,South
1173,2025-11-03,C010,P019,5,89.63,East
1174,2025-11-03,C020,P001,3,30.82,East
1175,2025-11-03,C006,P004,4,46.38,South
1176,2025-11-03,C048,P014,3,99.39,East
1177,2025-11-03,C003,P014,4,88.17,East
1178,2025-11-03,C042,P003,5,60.82,South
1179,2025-11-03,C011,P017,5,56.5,East
1180,2025-11-03,C043,P003,1,35.61,West
1181,2025-11-03,C017,P016,4,56.55,West
1182,2025-11-03,C032,P014,4,86.34,North
1183,2025-11-03,C004,P020,2,71.67,East
1184,2025-11-03,C004,P013,2,36.1,North
1185,2025-11-03,C017,P015,2,28.13,West
1186,2025-11-03,C041,P014,3,33.87,West
1187,2025-11-03,C019,P019,2,25.28,West
1188,2025-11-03,C005,P006,4,18.61,East
1189,2025-11-03,C032,P010,3,47.72,East
1190,2025-11-03,C022,P015,5,20.2,West
1191,2025-11-03,C006,P020,1,25.47,North
1192,2025-11-03,C035,P006,2,59.26,North
1193,2025-11-03,C022,P010,5,24.81,South
1194,2025-11-03,C001,P007,4,15.75,West
1195,2025-11-03,C020,P017,1,38.56,North
1196,2025-11-03,C022,P018,5,29.83,West
1197,2025-11-03,C048,P017,1,56.38,North
1198,2025-11-03,C011,P009,2,19.21,South
1199,2025-11-03,C013,P010,4,77.66,South
1200,2025-11-03,C042,P010,1,91.56,West
1201,2025-11-03,C003,P007,5,76.91,North
1202,2025-11-03,C009,P016,2,57.95,East
1203,2025-11-03,C012,P018,2,87.46,South
1204,2025-11-03,C023,P006,5,72.54,West
1205,2025-11-03,C014,P020,5,10.95,West
1206,2025-11-03,C033,P001,1,45.47,North
1207,2025-11-03,C018,P001,3,86.59,West
1208,2025-11-03,C049,P012,2,41.13,South
1209,2025-11-03,C041,P002,1,13.17,West
1210,2025-11-03,C009,P004,5,77.16,West
1211,2025-11-03,C023,P017,1,82.18,East
1212,2025-11-03,C010,P004,5,24.45,East
1213,2025-11-03,C019,P011,4,58.36,South
1214,2025-11-03,C047,P004,5,27.28,North
1215,2025-11-03,C005,P001,5,74.73,East
1216,2025-11-03,C047,P007,5,34.44,North
1217,2025-11-03,C023,P018,3,38.46,South
1218,2025-11-03,C030,P009,5,86.05,East
1219,2025-11-03,C025,P003,2,52.87,North
1220,2025-11-03,C028,P008,2,70.28,East
1221,2025-11-03,C034,P019,1,46.21,South
1222,2025-11-03,C045,P004,3,36.82,South
1223,2025-11-03,C048,P018,1,66.29,East
1224,2025-11-03,C047,P020,2,23.94,North
1225,2025-11-03,C025,P011,2,43.57,West
1226,2025-11-03,C010,P014,4,28.81,West
1227,2025-11-03,C014,P018,5,72.62,East
1228,2025-11-03,C042,P016,2,94.98,North
1229,2025-11-03,C046,P003,1,99.6,West
1230,2025-11-03,C030,P015,1,50.52,South
1231,2025-11-03,C041,P004,5,32.73,North
1232,2025-11-03,C025,P005,5,49.85,West
1233,2025-11-03,C014,P017,4,86.25,North
1234,2025-11-03,C035,P007,3,28.54,East
1235,2025-11-03,C048,P016,1,95.69,North
1236,2025-11-03,C034,P014,5,40.77,West
1237,2025-11-03,C010,P016,1,98.72,East
1238,2025-11-03,C035,P007,5,85.47,North
1239,2025-11-03,C011,P009,2,82.77,South
1240,2025-11-03,C011,P004,1,38.61,West
1241,2025-11-03,C021,P011,2,10.79,East
1242,2025-11-03,C021,P002,1,44.39,North
1243,2025-11-03,C022,P012,3,37.16,South
1244,2025-11-03,C045,P012,4,13.37,West
1245,2025-11-03,C007,P004,2,55.48,South
1246,2025-11-03,C017,P018,5,46.27,North
1247,2025-11-03,C002,P007,3,67.11,North
1248,2025-11-03,C012,P001,1,65.91,East
1249,2025-11-03,C042,P013,2,20.87,South
1250,2025-11-03,C018,P006,1,97.93,East
1251,2025-11-03,C011,P006,1,26.82,West
1252,2025-11-03,C016,P012,1,50.07,East
1253,2025-11-03,C049,P008,4,53.93,West
1254,2025-11-03,C018,P019,4,83.18,North
1255,2025-11-03,C035,P005,5,18.93,North
1256,2025-11-03,C026,P018,2,48.58,South
1257,2025-11-03,C016,P005,3,66.57,West
1258,2025-11-03,C006,P010,3,29.36,North
1259,2025-11-03,C044,P001,3,66.47,South
1260,2025-11-03,C043,P010,1,93.13,South
1261,2025-11-03,C047,P005,4,99.78,East
1262,2025-11-03,C047,P012,2,12.92,South
1263,2025-11-03,C048,P007,1,31.2,North
1264,2025-11-03,C042,P009,4,37.93,East
1265,2025-11-03,C012,P012,4,45.92,West
1266,2025-11-03,C013,P001,2,31.8,West
1267,2025-11-03,C004,P011,2,28.31,North
1268,2025-11-03,C039,P015,2,95.91,North
1269,2025-11-03,C002,P002,1,92.67,East
1270,2025-11-03,C026,P020,5,14.23,East
1271,2025-11-03,C027,P007,2,40.49,North
1272,2025-11-03,C027,P012,5,46.46,North
1273,2025-11-03,C015,P018,1,31.51,West
1274,2025-11-03,C008,P003,5,66.6,West
1275,2025-11-03,C007,P007,3,67.63,West
1276,2025-11-03,C047,P011,5,86.55,North
1277,2025-11-03,C046,P018,2,76.68,South
1278,2025-11-03,C040,P012,1,58.83,North
1279,2025-11-03,C012,P006,2,68.82,North
1280,2025-11-03,C013,P005,3,34.66,West
1281,2025-11-03,C043,P001,2,63.38,North
1282,2025-11-03,C017,P012,2,54.03,East
1283,2025-11-03,C017,P011,2,22.0,North
1284,2025-11-03,C036,P004,4,31.83,North
1285,2025-11-03,C021,P018,3,36.25,North
1286,2025-11-03,C008,P004,2,93.19,North
1287,2025-11-03,C005,P017,2,30.73,South
1288,2025-11-03,C026,P002,2,36.03,North
1289,2025-11-03,C016,P002,1,43.24,East
1290,2025-11-03,C036,P012,4,69.74,East
1291,2025-11-03,C028,P006,1,20.64,North
1292,2025-11-03,C029,P010,4,95.86,West
1293,2025-11-03,C047,P016,2,87.9,South
1294,2025-11-03,C012,P014,3,61.95,North
1295,2025-11-03,C037,P007,5,70.66,North
1296,2025-11-03,C030,P019,5,11.5,North
1297,2025-11-03,C023,P017,2,40.51,West
1298,2025-11-03,C016,P009,1,81.61,West
1299,2025-11-03,C014,P013,3,16.97,West
1300,2025-11-03,C010,P005,4,35.41,South
1301,2025-11-03,C007,P005,2,62.68,East
1302,2025-11-03,C045,P010,3,33.08,South
1303,2025-11-03,C037,P010,3,94.06,West
1304,2025-11-03,C029,P007,4,21.8,East
1305,2025-11-03,C003,P015,3,81.77,East
1306,2025-11-03,C015,P007,1,55.72,West
1307,2025-11-03,C036,P015,1,77.53,West
1308,2025-11-03,C047,P003,1,37.96,South
1309,2025-11-03,C046,P019,3,56.3,West
1310,2025-11-03,C019,P010,1,87.12,East
1311,2025-11-03,C013,P015,4,52.02,North
1312,2025-11-03,C042,P003,3,42.37,West
1313,2025-11-03,C021,P006,5,58.25,West
1314,2025-11-03,C037,P012,3,74.56,South
1315,2025-11-03,C027,P015,4,49.92,South
1316,2025-11-03,C029,P006,5,94.5,West
1317,2025-11-03,C020,P013,3,36.55,East
1318,2025-11-03,C025,P019,1,52.79,East
1319,2025-11-03,C006,P003,2,78.12,North
1320,2025-11-03,C036,P008,2,72.02,West
1321,2025-11-03,C002,P008,1,87.73,South
1322,2025-11-03,C022,P020,2,99.71,East
1323,2025-11-03,C032,P015,2,48.42,North
1324,2025-11-03,C016,P004,1,20.0,West
1325,2025-11-03,C018,P019,1,12.74,East
1326,2025-11-03,C005,P003,3,75.42,West
1327,2025-11-03,C036,P013,3,88.66,West
1328,2025-11-03,C030,P008,1,29.86,East
1329,2025-11-03,C045,P016,4,24.26,East
1330,2025-11-03,C019,P013,2,15.6,East
1331,2025-11-03,C023,P003,3,84.04,West
1332,2025-11-03,C034,P016,2,38.02,West
1333,2025-11-03,C013,P009,5,46.15,North
1334,2025-11-03,C043,P014,1,55.25,South
1335,2025-11-03,C029,P013,4,85.55,West
1336,2025-11-03,C036,P007,5,68.57,South
1337,2025-11-03,C022,P015,5,65.36,East
1338,2025-11-03,C047,P007,5,25.81,West
1339,2025-11-03,C036,P006,1,56.19,North
1340,2025-11-03,C009,P002,3,74.38,North
1341,2025-11-03,C039,P009,1,97.59,South
1342,2025-11-03,C019,P017,3,28.13,East
1343,2025-11-03,C038,P005,5,10.86,South
1344,2025-11-03,C006,P012,5,16.78,East
1345,2025-11-03,C047,P001,4,43.83,North
1346,2025-11-03,C015,P010,3,83.85,South
1347,2025-11-03,C020,P011,5,10.64,North
1348,2025-11-03,C009,P016,2,51.11,North
1349,2025-11-03,C032,P014,4,39.63,East
1350,2025-11-03,C004,P008,1,14.72,South
1351,2025-11-03,C050,P017,4,50.52,South
1352,2025-11-03,C018,P018,2,32.93,North
1353,2025-11-03,C005,P012,3,41.67,North
1354,2025-11-03,C020,P017,1,73.51,East
1355,2025-11-03,C023,P014,1,56.94,West
1356,2025-11-03,C011,P016,3,21.22,West
1357,2025-11-03,C037,P014,4,96.53,North
1358,2025-11-03,C022,P009,5,67.23,West
1359,2025-11-03,C004,P004,4,78.93,West
1360,2025-11-03,C029,P011,2,17.13,West
1361,2025-11-03,C044,P006,5,14.24,West
1362,2025-11-03,C034,P015,4,11.75,North
1363,2025-11-03,C013,P005,3,26.99,West
1364,2025-11-03,C042,P011,2,47.3,West
1365,2025-11-03,C009,P018,2,94.22,East
1366,2025-11-03,C042,P013,2,51.14,North
1367,2025-11-03,C031,P011,5,36.12,South
1368,2025-11-03,C007,P014,1,60.57,South
1369,2025-11-03,C004,P018,5,20.07,East
1370,2025-11-03,C019,P019,4,64.86,East
1371,2025-11-03,C042,P015,1,61.16,North
1372,2025-11-03,C030,P009,4,81.28,South
1373,2025-11-03,C031,P008,1,98.8,West
1374,2025-11-03,C035,P020,5,32.58,East
1375,2025-11-03,C021,P001,2,55.87,South
1376,2025-11-03,C031,P004,3,91.8,North
1377,2025-11-03,C019,P014,2,80.67,West
1378,2025-11-03,C031,P002,5,53.87,North
1379,2025-11-03,C032,P016,1,95.08,East
1380,2025-11-03,C002,P003,2,15.15,South
1381,2025-11-03,C010,P008,5,93.79,South
1382,2025-11-03,C002,P006,4,14.55,South
1383,2025-11-03,C002,P016,3,59.26,South
1384,2025-11-03,C024,P016,2,90.14,West
1385,2025-11-03,C017,P007,1,33.64,West
1386,2025-11-03,C032,P013,4,52.5,North
1387,2025-11-03,C016,P013,5,39.19,West
1388,2025-11-03,C016,P005,3,95.69,East
1389,2025-11-03,C046,P020,1,84.13,East
1390,2025-11-03,C039,P018,5,73.81,South
1391,2025-11-03,C031,P015,5,62.89,East
1392,2025-11-03,C043,P018,2,83.85,North
1393,2025-11-03,C024,P002,2,45.3,West
1394,2025-11-03,C001,P010,1,50.28,West
1395,2025-11-03,C011,P013,5,75.7,West
1396,2025-11-03,C021,P018,2,42.2,East
1397,2025-11-03,C004,P015,3,15.75,West
1398,2025-11-03,C007,P012,3,16.69,South
1399,2025-11-03,C026,P015,5,20.38,South
1400,2025-11-03,C047,P013,2,88.27,South
1401,2025-11-03,C050,P018,1,52.5,East
1402,2025-11-03,C012,P015,1,74.16,West
1403,2025-11-03,C031,P011,1,45.36,East
1404,2025-11-03,C017,P019,3,33.28,West
1405,2025-11-03,C033,P003,2,41.25,North
1406,2025-11-03,C011,P007,2,81.48,North
1407,2025-11-03,C028,P014,3,66.27,East
1408,2025-11-03,C032,P014,1,94.39,South
1409,2025-11-03,C001,P013,1,71.17,East
1410,2025-11-03,C047,P012,5,61.32,South
1411,2025-11-03,C028,P009,4,64.92,West
1412,2025-11-03,C042,P001,2,94.81,South
1413,2025-11-03,C007,P019,2,80.94,South
1414,2025-11-03,C002,P011,2,12.16,West
1415,2025-11-03,C042,P019,4,58.07,North
1416,2025-11-03,C024,P018,5,71.95,West
1417,2025-11-03,C004,P012,4,77.38,East
1418,2025-11-03,C044,P001,1,29.18,East
1419,2025-11-03,C019,P019,1,88.05,East
1420,2025-11-03,C026,P020,2,96.03,East
1421,2025-11-03,C011,P017,3,31.3,East
1422,2025-11-03,C040,P005,2,89.44,North
1423,2025-11-03,C050,P003,3,18.73,North
1424,2025-11-03,C043,P002,4,15.01,South
1425,2025-11-03,C011,P003,1,21.63,East
1426,2025-11-03,C045,P008,3,15.2,West
1427,2025-11-03,C003,P016,4,86.05,East
1428,2025-11-03,C012,P006,1,15.31,North
1429,2025-11-03,C003,P013,3,34.45,East
1430,2025-11-03,C042,P016,2,19.34,North
1431,2025-11-03,C027,P016,2,36.59,South
1432,2025-11-03,C049,P003,2,18.15,South
1433,2025-11-03,C002,P013,4,70.12,South
1434,2025-11-03,C049,P014,2,22.0,North
1435,2025-11-03,C016,P008,5,86.67,East
1436,2025-11-03,C002,P012,1,83.55,East
1437,2025-11-03,C030,P008,4,11.23,West
1438,2025-11-03,C020,P009,2,90.62,North
1439,2025-11-03,C038,P001,1,12.6,West
1440,2025-11-03,C028,P006,3,31.57,South
1441,2025-11-03,C025,P019,2,12.92,East
1442,2025-11-03,C032,P011,1,40.23,North
1443,2025-11-03,C010,P011,5,56.25,West
1444,2025-11-03,C042,P013,3,81.7,West
1445,2025-11-03,C040,P011,5,40.42,West
1446,2025-11-03,C033,P018,1,73.49,East
1447,2025-11-03,C013,P015,5,26.88,East
1448,2025-11-03,C041,P001,1,77.55,East
1449,2025-11-03,C042,P007,1,31.24,North
1450,2025-11-03,C047,P013,5,22.92,East
1451,2025-11-03,C037,P012,1,26.69,North
1452,2025-11-03,C016,P018,2,26.39,West
1453,2025-11-03,C045,P019,1,56.16,West
1454,2025-11-03,C022,P015,4,86.03,South
1455,2025-11-03,C020,P008,1,17.16,East
1456,2025-11-03,C050,P019,4,73.63,West
1457,2025-11-03,C043,P010,1,68.89,East
1458,2025-11-03,C027,P007,1,88.53,North
1459,2025-11-03,C041,P018,5,31.97,West
1460,2025-11-03,C016,P016,2,50.51,East
1461,2025-11-03,C034,P020,2,93.32,West
1462,2025-11-03,C032,P006,3,69.4,West
1463,2025-11-03,C026,P009,5,44.99,East
1464,2025-11-03,C025,P013,5,21.83,West
1465,2025-11-03,C002,P008,2,33.62,West
1466,2025-11-03,C012,P016,5,62.31,West
1467,2025-11-03,C040,P013,2,74.64,West
1468,2025-11-03,C009,P013,5,21.2,North
1469,2025-11-03,C012,P017,1,63.96,West
1470,2025-11-03,C026,P020,2,59.53,South
1471,2025-11-03,C009,P005,2,56.26,West
1472,2025-11-03,C010,P017,4,72.11,East
1473,2025-11-03,C032,P009,5,85.37,South
1474,2025-11-03,C034,P002,5,39.07,North
1475,2025-11-03,C048,P018,2,90.01,South
1476,2025-11-03,C020,P009,1,24.46,South
1477,2025-11-03,C039,P006,1,25.57,South
1478,2025-11-03,C002,P011,1,34.01,East
1479,2025-11-03,C001,P006,5,20.76,East
1480,2025-11-03,C036,P006,4,30.73,East
1481,2025-11-03,C024,P013,2,19.58,North
1482,2025-11-03,C027,P011,3,83.96,East
1483,2025-11-03,C002,P014,4,22.51,East
1484,2025-11-03,C031,P002,3,77.26,South
1485,2025-11-03,C014,P008,4,14.31,East
1486,2025-11-03,C002,P003,1,95.37,West
1487,2025-11-03,C029,P003,5,74.0,East
1488,2025-11-03,C015,P001,3,10.61,North
1489,2025-11-03,C012,P019,4,78.75,North
1490,2025-11-03,C037,P018,5,56.27,West
1491,2025-11-03,C028,P017,3,80.14,North
1492,2025-11-03,C020,P020,2,57.02,North
1493,2025-11-03,C039,P013,4,67.69,South
1494,2025-11-03,C024,P003,2,80.77,West
1495,2025-11-03,C021,P001,1,46.46,South
1496,2025-11-03,C010,P004,2,10.24,South
1497,2025-11-03,C046,P013,2,86.5,East
1498,2025-11-03,C014,P017,4,44.28,West
1499,2025-11-03,C037,P011,1,54.64,East
1500,2025-11-03,C018,P002,2,10.7,East
